<keymap version="1" name="Intellijsim" parent="Default for KDE">
  <action id="CheckinProject" />
  <action id="Debug">
    <keyboard-shortcut first-keystroke="shift f9" />
    <keyboard-shortcut first-keystroke="ctrl f5" />
  </action>
  <action id="DebugClass">
    <keyboard-shortcut first-keystroke="alt f5" />
  </action>
  <action id="EditorDown">
    <keyboard-shortcut first-keystroke="down" />
    <keyboard-shortcut first-keystroke="ctrl j" />
  </action>
  <action id="EditorUp">
    <keyboard-shortcut first-keystroke="up" />
    <keyboard-shortcut first-keystroke="ctrl k" />
  </action>
  <action id="InsertLiveTemplate" />
  <action id="Stop">
    <keyboard-shortcut first-keystroke="ctrl f2" />
  </action>
</keymap>