<application>
  <component name="PropertiesComponent">
    <property name="Copy.OpenInEditor" value="true" />
    <property name="Default.savedEditorTheme" value="_@user_Default" />
    <property name="ExpandBeforeRunStepsPanel" value="true" />
    <property name="ExpandRunDashboardTypesPanel" value="false" />
    <property name="KEYMAP" value="debug&#10;debug context&#10;stop" />
    <property name="MemberChooser.copyJavadoc" value="false" />
    <property name="MemberChooser.showClasses" value="true" />
    <property name="OpenOrAttachDialog.OpenMode" value="new" />
    <property name="PyCharm.InitialConfiguration" value="true" />
    <property name="PyCharm.InitialConfiguration.V2" value="true" />
    <property name="PyCharm.InitialConfiguration.V3" value="true" />
    <property name="PyCharm.InitialConfiguration.V4" value="true" />
    <property name="PyCharm.InitialConfiguration.V5" value="true" />
    <property name="PyCharm.InitialConfiguration.V6" value="true" />
    <property name="PyCharm.InitialConfiguration.V7" value="true" />
    <property name="PyCharm.initialConfigurationShown" value="true" />
    <property name="PythonUnitTestRunnerSupport.hideIgnoredTests" value="false" />
    <property name="PythonUnitTestRunnerSupport.hidePassedTests" value="false" />
    <property name="SearchEveryWhereHistory" value="o&#10;kk&#10;V&#10;k&#10;l" />
    <property name="SettingsSearchHistory" value="interp&#10;interpret&#10;interpreter&#10;keymap&#10;font size" />
    <property name="SvgEditorLayout" value="Editor only" />
    <property name="file.chooser.recent.files" value="$USER_HOME$/repos/bamboo_avro_cpp&#10;/home/mvilim/repos/termtosvg&#10;/home/mvilim/repos/neovim-pytc-example&#10;/home/mvilim/repos/neovim-pytc-example/neovim_pytc.py&#10;/home/mvilim/repos/pylibtermkey/python/pylibtermkey&#10;/home/mvilim/repos/pylibtermkey/python/test_termkey.py&#10;/home/mvilim/repos/arrow/python&#10;/home/mvilim/repos/atlas-master&#10;/home/mvilim/repos/atlas&#10;/home/mvilim/repos/atlas/new_python&#10;/home/mvilim/repos/pandas/pandas/tests/series/test_arithmetic.py&#10;/home/mvilim/repos/pandas" />
    <property name="file.gist.reindex.count" value="96224" />
    <property name="fileTypeChangedCounter" value="1" />
    <property name="ideavim.statistics.timestamp" value="1553026110362" />
    <property name="lastTip" value="1" />
    <property name="selected.color.option.type" value="LINE_FULL_COVERAGE" />
  </component>
  <component name="PyTestFrameworkService">
    <option name="SDK_TO_PYTEST">
      <map>
        <entry key="$USER_HOME$/repos/atlas/env/bin/python" value="false" />
        <entry key="$USER_HOME$/repos/bamboo/venv/bin/python" value="false" />
        <entry key="$USER_HOME$/repos/tracker/env/bin/python" value="false" />
        <entry key="/usr/bin/python3.6" value="true" />
        <entry key="/usr/bin/python3.7" value="false" />
      </map>
    </option>
    <option name="SDK_TO_NOSETEST">
      <map>
        <entry key="$USER_HOME$/repos/atlas/env/bin/python" value="false" />
        <entry key="$USER_HOME$/repos/bamboo/venv/bin/python" value="true" />
        <entry key="$USER_HOME$/repos/tracker/env/bin/python" value="false" />
        <entry key="/usr/bin/python3.7" value="false" />
      </map>
    </option>
    <option name="SDK_TO_TRIALTEST">
      <map>
        <entry key="$USER_HOME$/repos/atlas/env/bin/python" value="false" />
        <entry key="$USER_HOME$/repos/bamboo/venv/bin/python" value="false" />
        <entry key="$USER_HOME$/repos/tracker/env/bin/python" value="false" />
        <entry key="/usr/bin/python3.7" value="false" />
      </map>
    </option>
  </component>
</application>